"siteid","lakeid","lakename","date","depth","temp"
18,61,"IISD Experimental Lake 373",1986-08-05,0,20.2
18,61,"IISD Experimental Lake 373",1986-08-05,0.5,20.2
18,61,"IISD Experimental Lake 373",1986-08-05,1,20.2
18,61,"IISD Experimental Lake 373",1986-08-05,1.5,20.2
18,61,"IISD Experimental Lake 373",1986-08-05,2,20.2
18,61,"IISD Experimental Lake 373",1986-08-05,2.5,20.15
18,61,"IISD Experimental Lake 373",1986-08-05,3,20.1
18,61,"IISD Experimental Lake 373",1986-08-05,3.5,20.05
18,61,"IISD Experimental Lake 373",1986-08-05,4,20
18,61,"IISD Experimental Lake 373",1986-08-05,4.5,20
18,61,"IISD Experimental Lake 373",1986-08-05,5,20
18,61,"IISD Experimental Lake 373",1986-08-05,5.5,19.85
18,61,"IISD Experimental Lake 373",1986-08-05,6,19.7
18,61,"IISD Experimental Lake 373",1986-08-05,6.5,18.5
18,61,"IISD Experimental Lake 373",1986-08-05,7,16
18,61,"IISD Experimental Lake 373",1986-08-05,7.5,13.2
18,61,"IISD Experimental Lake 373",1986-08-05,8,11.7
18,61,"IISD Experimental Lake 373",1986-08-05,8.5,10.8
18,61,"IISD Experimental Lake 373",1986-08-05,9,10
18,61,"IISD Experimental Lake 373",1986-08-05,9.5,9
18,61,"IISD Experimental Lake 373",1986-08-05,10,8.4
18,61,"IISD Experimental Lake 373",1986-08-05,10.5,7.8
18,61,"IISD Experimental Lake 373",1986-08-05,11,6.9
18,61,"IISD Experimental Lake 373",1986-08-05,11.5,6.55
18,61,"IISD Experimental Lake 373",1986-08-05,12,6.2
18,61,"IISD Experimental Lake 373",1986-08-05,12.5,5.95
18,61,"IISD Experimental Lake 373",1986-08-05,13,5.7
18,61,"IISD Experimental Lake 373",1986-08-05,13.5,5.55
18,61,"IISD Experimental Lake 373",1986-08-05,14,5.4
18,61,"IISD Experimental Lake 373",1986-08-05,14.5,5.25
18,61,"IISD Experimental Lake 373",1986-08-05,15,5.1
18,61,"IISD Experimental Lake 373",1986-08-05,15.5,5.05
18,61,"IISD Experimental Lake 373",1986-08-05,16,5
18,61,"IISD Experimental Lake 373",1986-08-05,16.5,4.95
18,61,"IISD Experimental Lake 373",1986-08-05,17,4.9
18,61,"IISD Experimental Lake 373",1986-08-05,17.5,4.85
18,61,"IISD Experimental Lake 373",1986-08-05,18,4.8
18,61,"IISD Experimental Lake 373",1986-08-05,18.5,4.75
18,61,"IISD Experimental Lake 373",1986-08-05,19,4.7
18,61,"IISD Experimental Lake 373",1986-08-05,19.5,4.65
18,61,"IISD Experimental Lake 373",1986-08-05,20,4.6
18,61,"IISD Experimental Lake 373",1987-08-04,0,23.1
18,61,"IISD Experimental Lake 373",1987-08-04,0.5,23.1
18,61,"IISD Experimental Lake 373",1987-08-04,1,23.1
18,61,"IISD Experimental Lake 373",1987-08-04,1.5,23.1
18,61,"IISD Experimental Lake 373",1987-08-04,2,23.1
18,61,"IISD Experimental Lake 373",1987-08-04,2.5,23.1
18,61,"IISD Experimental Lake 373",1987-08-04,3,23.1
18,61,"IISD Experimental Lake 373",1987-08-04,3.5,23.1
18,61,"IISD Experimental Lake 373",1987-08-04,4,23.1
18,61,"IISD Experimental Lake 373",1987-08-04,4.5,23
18,61,"IISD Experimental Lake 373",1987-08-04,5,22
18,61,"IISD Experimental Lake 373",1987-08-04,5.5,21.7
18,61,"IISD Experimental Lake 373",1987-08-04,6,21.2
18,61,"IISD Experimental Lake 373",1987-08-04,6.5,20.4
18,61,"IISD Experimental Lake 373",1987-08-04,7,19.3
18,61,"IISD Experimental Lake 373",1987-08-04,7.5,18.2
18,61,"IISD Experimental Lake 373",1987-08-04,8,16.9
18,61,"IISD Experimental Lake 373",1987-08-04,8.5,14.7
18,61,"IISD Experimental Lake 373",1987-08-04,9,13.7
18,61,"IISD Experimental Lake 373",1987-08-04,9.5,12.3
18,61,"IISD Experimental Lake 373",1987-08-04,10,11.2
18,61,"IISD Experimental Lake 373",1987-08-04,10.5,10.3
18,61,"IISD Experimental Lake 373",1987-08-04,11,9.2
18,61,"IISD Experimental Lake 373",1987-08-04,11.5,8.5
18,61,"IISD Experimental Lake 373",1987-08-04,12,7.9
18,61,"IISD Experimental Lake 373",1987-08-04,12.5,7.5
18,61,"IISD Experimental Lake 373",1987-08-04,13,7.1
18,61,"IISD Experimental Lake 373",1987-08-04,13.5,6.8
18,61,"IISD Experimental Lake 373",1987-08-04,14,6.5
18,61,"IISD Experimental Lake 373",1987-08-04,14.5,6.3
18,61,"IISD Experimental Lake 373",1987-08-04,15,6.1
18,61,"IISD Experimental Lake 373",1987-08-04,15.5,5.95
18,61,"IISD Experimental Lake 373",1987-08-04,16,5.8
18,61,"IISD Experimental Lake 373",1987-08-04,16.5,5.75
18,61,"IISD Experimental Lake 373",1987-08-04,17,5.7
18,61,"IISD Experimental Lake 373",1987-08-04,17.5,5.6
18,61,"IISD Experimental Lake 373",1987-08-04,18,5.5
18,61,"IISD Experimental Lake 373",1987-08-04,18.5,5.45
18,61,"IISD Experimental Lake 373",1987-08-04,19,5.4
18,61,"IISD Experimental Lake 373",1987-08-04,19.5,5.31666666666667
18,61,"IISD Experimental Lake 373",1988-08-03,0,23.6
18,61,"IISD Experimental Lake 373",1988-08-03,0.5,23.55
18,61,"IISD Experimental Lake 373",1988-08-03,1,23.5
18,61,"IISD Experimental Lake 373",1988-08-03,1.5,23.5
18,61,"IISD Experimental Lake 373",1988-08-03,2,23.5
18,61,"IISD Experimental Lake 373",1988-08-03,2.5,23.5
18,61,"IISD Experimental Lake 373",1988-08-03,3,23.5
18,61,"IISD Experimental Lake 373",1988-08-03,3.5,23.5
18,61,"IISD Experimental Lake 373",1988-08-03,4,23.5
18,61,"IISD Experimental Lake 373",1988-08-03,4.5,23.5
18,61,"IISD Experimental Lake 373",1988-08-03,5,23.5
18,61,"IISD Experimental Lake 373",1988-08-03,5.5,23.3
18,61,"IISD Experimental Lake 373",1988-08-03,6,23.1
18,61,"IISD Experimental Lake 373",1988-08-03,6.5,21.1
18,61,"IISD Experimental Lake 373",1988-08-03,7,19.1
18,61,"IISD Experimental Lake 373",1988-08-03,7.5,17.1
18,61,"IISD Experimental Lake 373",1988-08-03,8,15.1
18,61,"IISD Experimental Lake 373",1988-08-03,8.5,13.75
18,61,"IISD Experimental Lake 373",1988-08-03,9,12.4
18,61,"IISD Experimental Lake 373",1988-08-03,9.5,11.5
18,61,"IISD Experimental Lake 373",1988-08-03,10,10.6
18,61,"IISD Experimental Lake 373",1988-08-03,10.5,9.85
18,61,"IISD Experimental Lake 373",1988-08-03,11,9.1
18,61,"IISD Experimental Lake 373",1988-08-03,11.5,8.7
18,61,"IISD Experimental Lake 373",1988-08-03,12,8.3
18,61,"IISD Experimental Lake 373",1988-08-03,12.5,7.9
18,61,"IISD Experimental Lake 373",1988-08-03,13,7.5
18,61,"IISD Experimental Lake 373",1988-08-03,13.5,7.3
18,61,"IISD Experimental Lake 373",1988-08-03,14,7.1
18,61,"IISD Experimental Lake 373",1988-08-03,14.5,6.95
18,61,"IISD Experimental Lake 373",1988-08-03,15,6.8
18,61,"IISD Experimental Lake 373",1988-08-03,15.5,6.6
18,61,"IISD Experimental Lake 373",1988-08-03,16,6.4
18,61,"IISD Experimental Lake 373",1988-08-03,16.5,6.3
18,61,"IISD Experimental Lake 373",1988-08-03,17,6.2
18,61,"IISD Experimental Lake 373",1988-08-03,17.5,6.1
18,61,"IISD Experimental Lake 373",1988-08-03,18,6
18,61,"IISD Experimental Lake 373",1988-08-03,18.5,5.95
18,61,"IISD Experimental Lake 373",1988-08-03,19,5.9
18,61,"IISD Experimental Lake 373",1988-08-03,19.5,5.8
18,61,"IISD Experimental Lake 373",1988-08-03,20,5.7
18,61,"IISD Experimental Lake 373",1988-08-03,20.5,5.8
18,61,"IISD Experimental Lake 373",1989-08-02,0,23.7
18,61,"IISD Experimental Lake 373",1989-08-02,0.5,23.65
18,61,"IISD Experimental Lake 373",1989-08-02,1,23.6
18,61,"IISD Experimental Lake 373",1989-08-02,1.5,23.5
18,61,"IISD Experimental Lake 373",1989-08-02,2,23.4
18,61,"IISD Experimental Lake 373",1989-08-02,2.5,23.4
18,61,"IISD Experimental Lake 373",1989-08-02,3,23.4
18,61,"IISD Experimental Lake 373",1989-08-02,3.5,23.3
18,61,"IISD Experimental Lake 373",1989-08-02,4,23.2
18,61,"IISD Experimental Lake 373",1989-08-02,4.5,22.4
18,61,"IISD Experimental Lake 373",1989-08-02,5,22
18,61,"IISD Experimental Lake 373",1989-08-02,5.5,19.6
18,61,"IISD Experimental Lake 373",1989-08-02,6,16.1
18,61,"IISD Experimental Lake 373",1989-08-02,6.5,15.3
18,61,"IISD Experimental Lake 373",1989-08-02,7,13.4
18,61,"IISD Experimental Lake 373",1989-08-02,7.5,12.6
18,61,"IISD Experimental Lake 373",1989-08-02,8,11
18,61,"IISD Experimental Lake 373",1989-08-02,8.5,9.2
18,61,"IISD Experimental Lake 373",1989-08-02,9,8.5
18,61,"IISD Experimental Lake 373",1989-08-02,9.5,8.05
18,61,"IISD Experimental Lake 373",1989-08-02,10,7.6
18,61,"IISD Experimental Lake 373",1989-08-02,10.5,7.2
18,61,"IISD Experimental Lake 373",1989-08-02,11,6.8
18,61,"IISD Experimental Lake 373",1989-08-02,11.5,6.5
18,61,"IISD Experimental Lake 373",1989-08-02,12,6.2
18,61,"IISD Experimental Lake 373",1989-08-02,12.5,6.05
18,61,"IISD Experimental Lake 373",1989-08-02,13,5.9
18,61,"IISD Experimental Lake 373",1989-08-02,13.5,5.75
18,61,"IISD Experimental Lake 373",1989-08-02,14,5.6
18,61,"IISD Experimental Lake 373",1989-08-02,14.5,5.4
18,61,"IISD Experimental Lake 373",1989-08-02,15,5.2
18,61,"IISD Experimental Lake 373",1989-08-02,15.5,5.1
18,61,"IISD Experimental Lake 373",1989-08-02,16,5
18,61,"IISD Experimental Lake 373",1989-08-02,16.5,4.9
18,61,"IISD Experimental Lake 373",1989-08-02,17,4.8
18,61,"IISD Experimental Lake 373",1989-08-02,17.5,4.75
18,61,"IISD Experimental Lake 373",1989-08-02,18,4.7
18,61,"IISD Experimental Lake 373",1989-08-02,18.5,4.65
18,61,"IISD Experimental Lake 373",1989-08-02,19,4.6
18,61,"IISD Experimental Lake 373",1989-08-02,19.5,4.6
18,61,"IISD Experimental Lake 373",1990-08-01,0,21.6
18,61,"IISD Experimental Lake 373",1990-08-01,0.5,21.6
18,61,"IISD Experimental Lake 373",1990-08-01,1,21.6
18,61,"IISD Experimental Lake 373",1990-08-01,1.5,21.6
18,61,"IISD Experimental Lake 373",1990-08-01,2,21.6
18,61,"IISD Experimental Lake 373",1990-08-01,2.5,21.6
18,61,"IISD Experimental Lake 373",1990-08-01,3,21.6
18,61,"IISD Experimental Lake 373",1990-08-01,3.5,21.6
18,61,"IISD Experimental Lake 373",1990-08-01,4,21.6
18,61,"IISD Experimental Lake 373",1990-08-01,4.5,21.55
18,61,"IISD Experimental Lake 373",1990-08-01,5,21.5
18,61,"IISD Experimental Lake 373",1990-08-01,5.5,21
18,61,"IISD Experimental Lake 373",1990-08-01,6,20.5
18,61,"IISD Experimental Lake 373",1990-08-01,6.5,18.1
18,61,"IISD Experimental Lake 373",1990-08-01,7,15.7
18,61,"IISD Experimental Lake 373",1990-08-01,7.5,14.1
18,61,"IISD Experimental Lake 373",1990-08-01,8,12.5
18,61,"IISD Experimental Lake 373",1990-08-01,8.5,11.55
18,61,"IISD Experimental Lake 373",1990-08-01,9,10.6
18,61,"IISD Experimental Lake 373",1990-08-01,9.5,10
18,61,"IISD Experimental Lake 373",1990-08-01,10,9.4
18,61,"IISD Experimental Lake 373",1990-08-01,10.5,9
18,61,"IISD Experimental Lake 373",1990-08-01,11,8.6
18,61,"IISD Experimental Lake 373",1990-08-01,11.5,8.15
18,61,"IISD Experimental Lake 373",1990-08-01,12,7.7
18,61,"IISD Experimental Lake 373",1990-08-01,12.5,7.35
18,61,"IISD Experimental Lake 373",1990-08-01,13,7
18,61,"IISD Experimental Lake 373",1990-08-01,13.5,6.8
18,61,"IISD Experimental Lake 373",1990-08-01,14,6.6
18,61,"IISD Experimental Lake 373",1990-08-01,14.5,6.3
18,61,"IISD Experimental Lake 373",1990-08-01,15,6
18,61,"IISD Experimental Lake 373",1990-08-01,15.5,5.85
18,61,"IISD Experimental Lake 373",1990-08-01,16,5.7
18,61,"IISD Experimental Lake 373",1990-08-01,16.5,5.6
18,61,"IISD Experimental Lake 373",1990-08-01,17,5.5
18,61,"IISD Experimental Lake 373",1990-08-01,17.5,5.45
18,61,"IISD Experimental Lake 373",1990-08-01,18,5.4
18,61,"IISD Experimental Lake 373",1990-08-01,18.5,5.35
18,61,"IISD Experimental Lake 373",1990-08-01,19,5.3
18,61,"IISD Experimental Lake 373",1990-08-01,19.5,5.25
18,61,"IISD Experimental Lake 373",1990-08-01,20,5.2
18,61,"IISD Experimental Lake 373",1991-07-31,0,21
18,61,"IISD Experimental Lake 373",1991-07-31,0.5,21.05
18,61,"IISD Experimental Lake 373",1991-07-31,1,21.1
18,61,"IISD Experimental Lake 373",1991-07-31,1.5,21.1
18,61,"IISD Experimental Lake 373",1991-07-31,2,21.1
18,61,"IISD Experimental Lake 373",1991-07-31,2.5,21.1
18,61,"IISD Experimental Lake 373",1991-07-31,3,21.1
18,61,"IISD Experimental Lake 373",1991-07-31,3.5,21.1
18,61,"IISD Experimental Lake 373",1991-07-31,4,21.1
18,61,"IISD Experimental Lake 373",1991-07-31,4.5,21.1
18,61,"IISD Experimental Lake 373",1991-07-31,5,21.1
18,61,"IISD Experimental Lake 373",1991-07-31,5.5,19.65
18,61,"IISD Experimental Lake 373",1991-07-31,6,18.2
18,61,"IISD Experimental Lake 373",1991-07-31,6.5,15.65
18,61,"IISD Experimental Lake 373",1991-07-31,7,13.1
18,61,"IISD Experimental Lake 373",1991-07-31,7.5,11.8
18,61,"IISD Experimental Lake 373",1991-07-31,8,10.5
18,61,"IISD Experimental Lake 373",1991-07-31,8.5,9.45
18,61,"IISD Experimental Lake 373",1991-07-31,9,8.4
18,61,"IISD Experimental Lake 373",1991-07-31,9.5,8
18,61,"IISD Experimental Lake 373",1991-07-31,10,7.6
18,61,"IISD Experimental Lake 373",1991-07-31,10.5,7.2
18,61,"IISD Experimental Lake 373",1991-07-31,11,6.8
18,61,"IISD Experimental Lake 373",1991-07-31,11.5,6.45
18,61,"IISD Experimental Lake 373",1991-07-31,12,6.1
18,61,"IISD Experimental Lake 373",1991-07-31,12.5,5.95
18,61,"IISD Experimental Lake 373",1991-07-31,13,5.8
18,61,"IISD Experimental Lake 373",1991-07-31,13.5,5.65
18,61,"IISD Experimental Lake 373",1991-07-31,14,5.5
18,61,"IISD Experimental Lake 373",1991-07-31,14.5,5.35
18,61,"IISD Experimental Lake 373",1991-07-31,15,5.2
18,61,"IISD Experimental Lake 373",1991-07-31,15.5,5.15
18,61,"IISD Experimental Lake 373",1991-07-31,16,5.1
18,61,"IISD Experimental Lake 373",1991-07-31,16.5,5
18,61,"IISD Experimental Lake 373",1991-07-31,17,4.9
18,61,"IISD Experimental Lake 373",1991-07-31,17.5,4.9
18,61,"IISD Experimental Lake 373",1991-07-31,18,4.9
18,61,"IISD Experimental Lake 373",1991-07-31,18.5,4.85
18,61,"IISD Experimental Lake 373",1991-07-31,19,4.8
18,61,"IISD Experimental Lake 373",1991-07-31,19.5,4.75
18,61,"IISD Experimental Lake 373",1991-07-31,20,4.7
18,61,"IISD Experimental Lake 373",1992-07-29,0,17.4
18,61,"IISD Experimental Lake 373",1992-07-29,0.5,17.5
18,61,"IISD Experimental Lake 373",1992-07-29,1,17.6
18,61,"IISD Experimental Lake 373",1992-07-29,1.5,17.6
18,61,"IISD Experimental Lake 373",1992-07-29,2,17.6
18,61,"IISD Experimental Lake 373",1992-07-29,2.5,17.6
18,61,"IISD Experimental Lake 373",1992-07-29,3,17.6
18,61,"IISD Experimental Lake 373",1992-07-29,3.5,17.65
18,61,"IISD Experimental Lake 373",1992-07-29,4,17.7
18,61,"IISD Experimental Lake 373",1992-07-29,4.5,17.65
18,61,"IISD Experimental Lake 373",1992-07-29,5,17.6
18,61,"IISD Experimental Lake 373",1992-07-29,5.5,16.25
18,61,"IISD Experimental Lake 373",1992-07-29,6,14.9
18,61,"IISD Experimental Lake 373",1992-07-29,6.5,13.5
18,61,"IISD Experimental Lake 373",1992-07-29,7,12.1
18,61,"IISD Experimental Lake 373",1992-07-29,7.5,10.85
18,61,"IISD Experimental Lake 373",1992-07-29,8,9.6
18,61,"IISD Experimental Lake 373",1992-07-29,8.5,8.75
18,61,"IISD Experimental Lake 373",1992-07-29,9,7.9
18,61,"IISD Experimental Lake 373",1992-07-29,9.5,7.3
18,61,"IISD Experimental Lake 373",1992-07-29,10,6.7
18,61,"IISD Experimental Lake 373",1992-07-29,10.5,6.4
18,61,"IISD Experimental Lake 373",1992-07-29,11,6.1
18,61,"IISD Experimental Lake 373",1992-07-29,11.5,5.8
18,61,"IISD Experimental Lake 373",1992-07-29,12,5.5
18,61,"IISD Experimental Lake 373",1992-07-29,12.5,5.35
18,61,"IISD Experimental Lake 373",1992-07-29,13,5.2
18,61,"IISD Experimental Lake 373",1992-07-29,13.5,5.1
18,61,"IISD Experimental Lake 373",1992-07-29,14,5
18,61,"IISD Experimental Lake 373",1992-07-29,14.5,4.9
18,61,"IISD Experimental Lake 373",1992-07-29,15,4.8
18,61,"IISD Experimental Lake 373",1992-07-29,15.5,4.75
18,61,"IISD Experimental Lake 373",1992-07-29,16,4.7
18,61,"IISD Experimental Lake 373",1992-07-29,16.5,4.65
18,61,"IISD Experimental Lake 373",1992-07-29,17,4.6
18,61,"IISD Experimental Lake 373",1992-07-29,17.5,4.55
18,61,"IISD Experimental Lake 373",1992-07-29,18,4.5
18,61,"IISD Experimental Lake 373",1992-07-29,18.5,4.5
18,61,"IISD Experimental Lake 373",1992-07-29,19,4.5
18,61,"IISD Experimental Lake 373",1992-07-29,19.5,4.5
18,61,"IISD Experimental Lake 373",1992-07-29,20,4.5
18,61,"IISD Experimental Lake 373",1992-07-29,20.5,4.4375
18,61,"IISD Experimental Lake 373",1993-07-28,0,19.8
18,61,"IISD Experimental Lake 373",1993-07-28,0.5,19.8
18,61,"IISD Experimental Lake 373",1993-07-28,1,19.8
18,61,"IISD Experimental Lake 373",1993-07-28,1.5,19.8
18,61,"IISD Experimental Lake 373",1993-07-28,2,19.8
18,61,"IISD Experimental Lake 373",1993-07-28,2.5,19.8
18,61,"IISD Experimental Lake 373",1993-07-28,3,19.8
18,61,"IISD Experimental Lake 373",1993-07-28,3.5,19.8
18,61,"IISD Experimental Lake 373",1993-07-28,4,19.8
18,61,"IISD Experimental Lake 373",1993-07-28,4.5,19.8
18,61,"IISD Experimental Lake 373",1993-07-28,5,19.8
18,61,"IISD Experimental Lake 373",1993-07-28,5.5,18.85
18,61,"IISD Experimental Lake 373",1993-07-28,6,17.9
18,61,"IISD Experimental Lake 373",1993-07-28,6.5,15.9
18,61,"IISD Experimental Lake 373",1993-07-28,7,13.9
18,61,"IISD Experimental Lake 373",1993-07-28,7.5,12.45
18,61,"IISD Experimental Lake 373",1993-07-28,8,11
18,61,"IISD Experimental Lake 373",1993-07-28,8.5,10
18,61,"IISD Experimental Lake 373",1993-07-28,9,9
18,61,"IISD Experimental Lake 373",1993-07-28,9.5,8.55
18,61,"IISD Experimental Lake 373",1993-07-28,10,8.1
18,61,"IISD Experimental Lake 373",1993-07-28,10.5,7.7
18,61,"IISD Experimental Lake 373",1993-07-28,11,7.3
18,61,"IISD Experimental Lake 373",1993-07-28,11.5,7.05
18,61,"IISD Experimental Lake 373",1993-07-28,12,6.8
18,61,"IISD Experimental Lake 373",1993-07-28,12.5,6.6
18,61,"IISD Experimental Lake 373",1993-07-28,13,6.4
18,61,"IISD Experimental Lake 373",1993-07-28,13.5,6.15
18,61,"IISD Experimental Lake 373",1993-07-28,14,5.9
18,61,"IISD Experimental Lake 373",1993-07-28,14.5,5.8
18,61,"IISD Experimental Lake 373",1993-07-28,15,5.7
18,61,"IISD Experimental Lake 373",1993-07-28,15.5,5.6
18,61,"IISD Experimental Lake 373",1993-07-28,16,5.5
18,61,"IISD Experimental Lake 373",1993-07-28,16.5,5.45
18,61,"IISD Experimental Lake 373",1993-07-28,17,5.4
18,61,"IISD Experimental Lake 373",1993-07-28,17.5,5.4
18,61,"IISD Experimental Lake 373",1993-07-28,18,5.4
18,61,"IISD Experimental Lake 373",1993-07-28,18.5,5.3
18,61,"IISD Experimental Lake 373",1993-07-28,19,5.2
18,61,"IISD Experimental Lake 373",1993-07-28,19.5,5.15
18,61,"IISD Experimental Lake 373",1993-07-28,20,5.1
18,61,"IISD Experimental Lake 373",1993-07-28,20.5,5.1
18,61,"IISD Experimental Lake 373",1994-08-08,0,18.8
18,61,"IISD Experimental Lake 373",1994-08-08,0.5,18.85
18,61,"IISD Experimental Lake 373",1994-08-08,1,18.9
18,61,"IISD Experimental Lake 373",1994-08-08,1.5,18.95
18,61,"IISD Experimental Lake 373",1994-08-08,2,19
18,61,"IISD Experimental Lake 373",1994-08-08,2.5,19
18,61,"IISD Experimental Lake 373",1994-08-08,3,19
18,61,"IISD Experimental Lake 373",1994-08-08,3.5,19
18,61,"IISD Experimental Lake 373",1994-08-08,4,19
18,61,"IISD Experimental Lake 373",1994-08-08,4.5,19
18,61,"IISD Experimental Lake 373",1994-08-08,5,19
18,61,"IISD Experimental Lake 373",1994-08-08,5.5,18.95
18,61,"IISD Experimental Lake 373",1994-08-08,6,18.9
18,61,"IISD Experimental Lake 373",1994-08-08,6.5,18.8
18,61,"IISD Experimental Lake 373",1994-08-08,7,17.2
18,61,"IISD Experimental Lake 373",1994-08-08,7.5,14.9
18,61,"IISD Experimental Lake 373",1994-08-08,8,13
18,61,"IISD Experimental Lake 373",1994-08-08,8.5,11
18,61,"IISD Experimental Lake 373",1994-08-08,9,10.5
18,61,"IISD Experimental Lake 373",1994-08-08,9.5,9.4
18,61,"IISD Experimental Lake 373",1994-08-08,10,8.6
18,61,"IISD Experimental Lake 373",1994-08-08,10.5,7.7
18,61,"IISD Experimental Lake 373",1994-08-08,11,7.5
18,61,"IISD Experimental Lake 373",1994-08-08,11.5,7.15
18,61,"IISD Experimental Lake 373",1994-08-08,12,6.8
18,61,"IISD Experimental Lake 373",1994-08-08,12.5,6.6
18,61,"IISD Experimental Lake 373",1994-08-08,13,6.4
18,61,"IISD Experimental Lake 373",1994-08-08,13.5,6.15
18,61,"IISD Experimental Lake 373",1994-08-08,14,5.9
18,61,"IISD Experimental Lake 373",1994-08-08,14.5,5.8
18,61,"IISD Experimental Lake 373",1994-08-08,15,5.7
18,61,"IISD Experimental Lake 373",1994-08-08,15.5,5.6
18,61,"IISD Experimental Lake 373",1994-08-08,16,5.5
18,61,"IISD Experimental Lake 373",1994-08-08,16.5,5.4
18,61,"IISD Experimental Lake 373",1994-08-08,17,5.3
18,61,"IISD Experimental Lake 373",1994-08-08,17.5,5.25
18,61,"IISD Experimental Lake 373",1994-08-08,18,5.2
18,61,"IISD Experimental Lake 373",1994-08-08,18.5,5.15
18,61,"IISD Experimental Lake 373",1994-08-08,19,5.1
18,61,"IISD Experimental Lake 373",1994-08-08,19.5,5.05
18,61,"IISD Experimental Lake 373",1994-08-08,20,5
18,61,"IISD Experimental Lake 373",1994-08-08,20.5,5
18,61,"IISD Experimental Lake 373",1995-08-01,0,20.3
18,61,"IISD Experimental Lake 373",1995-08-01,0.5,20.35
18,61,"IISD Experimental Lake 373",1995-08-01,1,20.4
18,61,"IISD Experimental Lake 373",1995-08-01,1.5,20.4
18,61,"IISD Experimental Lake 373",1995-08-01,2,20.4
18,61,"IISD Experimental Lake 373",1995-08-01,2.5,20.4
18,61,"IISD Experimental Lake 373",1995-08-01,3,20.4
18,61,"IISD Experimental Lake 373",1995-08-01,3.5,20.45
18,61,"IISD Experimental Lake 373",1995-08-01,4,20.5
18,61,"IISD Experimental Lake 373",1995-08-01,4.5,20.45
18,61,"IISD Experimental Lake 373",1995-08-01,5,20.4
18,61,"IISD Experimental Lake 373",1995-08-01,5.5,20.05
18,61,"IISD Experimental Lake 373",1995-08-01,6,19.7
18,61,"IISD Experimental Lake 373",1995-08-01,6.5,16.8
18,61,"IISD Experimental Lake 373",1995-08-01,7,14.3
18,61,"IISD Experimental Lake 373",1995-08-01,7.5,12.8
18,61,"IISD Experimental Lake 373",1995-08-01,8,11.4
18,61,"IISD Experimental Lake 373",1995-08-01,8.5,10.5
18,61,"IISD Experimental Lake 373",1995-08-01,9,9.7
18,61,"IISD Experimental Lake 373",1995-08-01,9.5,8.8
18,61,"IISD Experimental Lake 373",1995-08-01,10,8
18,61,"IISD Experimental Lake 373",1995-08-01,10.5,7.5
18,61,"IISD Experimental Lake 373",1995-08-01,11,7
18,61,"IISD Experimental Lake 373",1995-08-01,11.5,6.7
18,61,"IISD Experimental Lake 373",1995-08-01,12,6.4
18,61,"IISD Experimental Lake 373",1995-08-01,12.5,6.15
18,61,"IISD Experimental Lake 373",1995-08-01,13,5.9
18,61,"IISD Experimental Lake 373",1995-08-01,13.5,5.75
18,61,"IISD Experimental Lake 373",1995-08-01,14,5.6
18,61,"IISD Experimental Lake 373",1995-08-01,14.5,5.45
18,61,"IISD Experimental Lake 373",1995-08-01,15,5.3
18,61,"IISD Experimental Lake 373",1995-08-01,15.5,5.2
18,61,"IISD Experimental Lake 373",1995-08-01,16,5.1
18,61,"IISD Experimental Lake 373",1995-08-01,16.5,5.05
18,61,"IISD Experimental Lake 373",1995-08-01,17,5
18,61,"IISD Experimental Lake 373",1995-08-01,17.5,4.95
18,61,"IISD Experimental Lake 373",1995-08-01,18,4.9
18,61,"IISD Experimental Lake 373",1995-08-01,18.5,4.9
18,61,"IISD Experimental Lake 373",1995-08-01,19,4.9
18,61,"IISD Experimental Lake 373",1995-08-01,19.5,4.85
18,61,"IISD Experimental Lake 373",1995-08-01,20,4.8
18,61,"IISD Experimental Lake 373",1995-08-01,20.5,4.9
18,61,"IISD Experimental Lake 373",1996-08-07,0,22
18,61,"IISD Experimental Lake 373",1996-08-07,0.5,21.95
18,61,"IISD Experimental Lake 373",1996-08-07,1,21.9
18,61,"IISD Experimental Lake 373",1996-08-07,1.5,21.9
18,61,"IISD Experimental Lake 373",1996-08-07,2,21.9
18,61,"IISD Experimental Lake 373",1996-08-07,2.5,21.9
18,61,"IISD Experimental Lake 373",1996-08-07,3,21.9
18,61,"IISD Experimental Lake 373",1996-08-07,3.5,21.85
18,61,"IISD Experimental Lake 373",1996-08-07,4,21.8
18,61,"IISD Experimental Lake 373",1996-08-07,4.5,21.35
18,61,"IISD Experimental Lake 373",1996-08-07,5,20.9
18,61,"IISD Experimental Lake 373",1996-08-07,5.5,17.95
18,61,"IISD Experimental Lake 373",1996-08-07,6,15.2
18,61,"IISD Experimental Lake 373",1996-08-07,6.5,13.5
18,61,"IISD Experimental Lake 373",1996-08-07,7,11.8
18,61,"IISD Experimental Lake 373",1996-08-07,7.5,10.5
18,61,"IISD Experimental Lake 373",1996-08-07,8,9.8
18,61,"IISD Experimental Lake 373",1996-08-07,8.5,8.8
18,61,"IISD Experimental Lake 373",1996-08-07,9,8.3
18,61,"IISD Experimental Lake 373",1996-08-07,9.5,7.3
18,61,"IISD Experimental Lake 373",1996-08-07,10,7.1
18,61,"IISD Experimental Lake 373",1996-08-07,10.5,6.8
18,61,"IISD Experimental Lake 373",1996-08-07,11,6.5
18,61,"IISD Experimental Lake 373",1996-08-07,11.5,6.3
18,61,"IISD Experimental Lake 373",1996-08-07,12,6.1
18,61,"IISD Experimental Lake 373",1996-08-07,12.5,5.9
18,61,"IISD Experimental Lake 373",1996-08-07,13,5.7
18,61,"IISD Experimental Lake 373",1996-08-07,13.5,5.6
18,61,"IISD Experimental Lake 373",1996-08-07,14,5.5
18,61,"IISD Experimental Lake 373",1996-08-07,14.5,5.4
18,61,"IISD Experimental Lake 373",1996-08-07,15,5.3
18,61,"IISD Experimental Lake 373",1996-08-07,15.5,5.2
18,61,"IISD Experimental Lake 373",1996-08-07,16,5.1
18,61,"IISD Experimental Lake 373",1996-08-07,16.5,5.05
18,61,"IISD Experimental Lake 373",1996-08-07,17,5
18,61,"IISD Experimental Lake 373",1996-08-07,17.5,5
18,61,"IISD Experimental Lake 373",1996-08-07,18,5
18,61,"IISD Experimental Lake 373",1996-08-07,18.5,5
18,61,"IISD Experimental Lake 373",1996-08-07,19,5
18,61,"IISD Experimental Lake 373",1996-08-07,19.5,4.95
18,61,"IISD Experimental Lake 373",1996-08-07,20,4.9
18,61,"IISD Experimental Lake 373",1996-08-07,20.5,5
18,61,"IISD Experimental Lake 373",1997-07-30,0,23.5
18,61,"IISD Experimental Lake 373",1997-07-30,0.5,23.55
18,61,"IISD Experimental Lake 373",1997-07-30,1,23.6
18,61,"IISD Experimental Lake 373",1997-07-30,1.5,23.6
18,61,"IISD Experimental Lake 373",1997-07-30,2,23.6
18,61,"IISD Experimental Lake 373",1997-07-30,2.5,23.6
18,61,"IISD Experimental Lake 373",1997-07-30,3,23.6
18,61,"IISD Experimental Lake 373",1997-07-30,3.5,23.6
18,61,"IISD Experimental Lake 373",1997-07-30,4,23.6
18,61,"IISD Experimental Lake 373",1997-07-30,4.5,23.5
18,61,"IISD Experimental Lake 373",1997-07-30,5,22.3
18,61,"IISD Experimental Lake 373",1997-07-30,5.5,21
18,61,"IISD Experimental Lake 373",1997-07-30,6,17.9
18,61,"IISD Experimental Lake 373",1997-07-30,6.5,16.2
18,61,"IISD Experimental Lake 373",1997-07-30,7,14.1
18,61,"IISD Experimental Lake 373",1997-07-30,7.5,12.6
18,61,"IISD Experimental Lake 373",1997-07-30,8,11.3
18,61,"IISD Experimental Lake 373",1997-07-30,8.5,10.7
18,61,"IISD Experimental Lake 373",1997-07-30,9,10
18,61,"IISD Experimental Lake 373",1997-07-30,9.5,9
18,61,"IISD Experimental Lake 373",1997-07-30,10,8.5
18,61,"IISD Experimental Lake 373",1997-07-30,10.5,8.05
18,61,"IISD Experimental Lake 373",1997-07-30,11,7.6
18,61,"IISD Experimental Lake 373",1997-07-30,11.5,7.3
18,61,"IISD Experimental Lake 373",1997-07-30,12,7
18,61,"IISD Experimental Lake 373",1997-07-30,12.5,6.75
18,61,"IISD Experimental Lake 373",1997-07-30,13,6.5
18,61,"IISD Experimental Lake 373",1997-07-30,13.5,6.35
18,61,"IISD Experimental Lake 373",1997-07-30,14,6.2
18,61,"IISD Experimental Lake 373",1997-07-30,14.5,6.05
18,61,"IISD Experimental Lake 373",1997-07-30,15,5.9
18,61,"IISD Experimental Lake 373",1997-07-30,15.5,5.75
18,61,"IISD Experimental Lake 373",1997-07-30,16,5.6
18,61,"IISD Experimental Lake 373",1997-07-30,16.5,5.55
18,61,"IISD Experimental Lake 373",1997-07-30,17,5.5
18,61,"IISD Experimental Lake 373",1997-07-30,17.5,5.45
18,61,"IISD Experimental Lake 373",1997-07-30,18,5.4
18,61,"IISD Experimental Lake 373",1997-07-30,18.5,5.35
18,61,"IISD Experimental Lake 373",1997-07-30,19,5.3
18,61,"IISD Experimental Lake 373",1997-07-30,19.5,5.3
18,61,"IISD Experimental Lake 373",1997-07-30,20,5.3
18,61,"IISD Experimental Lake 373",1998-07-28,0,20.8
18,61,"IISD Experimental Lake 373",1998-07-28,0.5,20.8
18,61,"IISD Experimental Lake 373",1998-07-28,1,20.8
18,61,"IISD Experimental Lake 373",1998-07-28,1.5,20.8
18,61,"IISD Experimental Lake 373",1998-07-28,2,20.8
18,61,"IISD Experimental Lake 373",1998-07-28,2.5,20.85
18,61,"IISD Experimental Lake 373",1998-07-28,3,20.9
18,61,"IISD Experimental Lake 373",1998-07-28,3.5,20.9
18,61,"IISD Experimental Lake 373",1998-07-28,4,20.9
18,61,"IISD Experimental Lake 373",1998-07-28,4.5,20.8
18,61,"IISD Experimental Lake 373",1998-07-28,5,20.7
18,61,"IISD Experimental Lake 373",1998-07-28,5.5,20.6
18,61,"IISD Experimental Lake 373",1998-07-28,6,19.2
18,61,"IISD Experimental Lake 373",1998-07-28,6.5,16.1
18,61,"IISD Experimental Lake 373",1998-07-28,7,14.7
18,61,"IISD Experimental Lake 373",1998-07-28,7.5,12.9
18,61,"IISD Experimental Lake 373",1998-07-28,8,11.5
18,61,"IISD Experimental Lake 373",1998-07-28,8.5,10
18,61,"IISD Experimental Lake 373",1998-07-28,9,8.8
18,61,"IISD Experimental Lake 373",1998-07-28,9.5,8
18,61,"IISD Experimental Lake 373",1998-07-28,10,7.3
18,61,"IISD Experimental Lake 373",1998-07-28,10.5,6.85
18,61,"IISD Experimental Lake 373",1998-07-28,11,6.4
18,61,"IISD Experimental Lake 373",1998-07-28,11.5,6.15
18,61,"IISD Experimental Lake 373",1998-07-28,12,5.9
18,61,"IISD Experimental Lake 373",1998-07-28,12.5,5.65
18,61,"IISD Experimental Lake 373",1998-07-28,13,5.4
18,61,"IISD Experimental Lake 373",1998-07-28,13.5,5.25
18,61,"IISD Experimental Lake 373",1998-07-28,14,5.1
18,61,"IISD Experimental Lake 373",1998-07-28,14.5,5
18,61,"IISD Experimental Lake 373",1998-07-28,15,4.9
18,61,"IISD Experimental Lake 373",1998-07-28,15.5,4.85
18,61,"IISD Experimental Lake 373",1998-07-28,16,4.8
18,61,"IISD Experimental Lake 373",1998-07-28,16.5,4.75
18,61,"IISD Experimental Lake 373",1998-07-28,17,4.7
18,61,"IISD Experimental Lake 373",1998-07-28,17.5,4.7
18,61,"IISD Experimental Lake 373",1998-07-28,18,4.7
18,61,"IISD Experimental Lake 373",1998-07-28,18.5,4.65
18,61,"IISD Experimental Lake 373",1998-07-28,19,4.6
18,61,"IISD Experimental Lake 373",1998-07-28,19.5,4.6
18,61,"IISD Experimental Lake 373",1998-07-28,20,4.6
18,61,"IISD Experimental Lake 373",1999-08-04,0,21.8
18,61,"IISD Experimental Lake 373",1999-08-04,0.5,21.9
18,61,"IISD Experimental Lake 373",1999-08-04,1,21.9
18,61,"IISD Experimental Lake 373",1999-08-04,1.5,21.9
18,61,"IISD Experimental Lake 373",1999-08-04,2,21.9
18,61,"IISD Experimental Lake 373",1999-08-04,2.5,21.9
18,61,"IISD Experimental Lake 373",1999-08-04,3,21.9
18,61,"IISD Experimental Lake 373",1999-08-04,3.5,21.9
18,61,"IISD Experimental Lake 373",1999-08-04,4,21.9
18,61,"IISD Experimental Lake 373",1999-08-04,4.5,21.75
18,61,"IISD Experimental Lake 373",1999-08-04,5,21.6
18,61,"IISD Experimental Lake 373",1999-08-04,5.5,21.4
18,61,"IISD Experimental Lake 373",1999-08-04,6,19.5
18,61,"IISD Experimental Lake 373",1999-08-04,6.5,16.1
18,61,"IISD Experimental Lake 373",1999-08-04,7,13.5
18,61,"IISD Experimental Lake 373",1999-08-04,7.5,12
18,61,"IISD Experimental Lake 373",1999-08-04,8,10.8
18,61,"IISD Experimental Lake 373",1999-08-04,8.5,9.7
18,61,"IISD Experimental Lake 373",1999-08-04,9,9
18,61,"IISD Experimental Lake 373",1999-08-04,9.5,8
18,61,"IISD Experimental Lake 373",1999-08-04,10,7.4
18,61,"IISD Experimental Lake 373",1999-08-04,10.5,7.1
18,61,"IISD Experimental Lake 373",1999-08-04,11,6.8
18,61,"IISD Experimental Lake 373",1999-08-04,11.5,6.55
18,61,"IISD Experimental Lake 373",1999-08-04,12,6.3
18,61,"IISD Experimental Lake 373",1999-08-04,12.5,6.1
18,61,"IISD Experimental Lake 373",1999-08-04,13,5.9
18,61,"IISD Experimental Lake 373",1999-08-04,13.5,5.75
18,61,"IISD Experimental Lake 373",1999-08-04,14,5.6
18,61,"IISD Experimental Lake 373",1999-08-04,14.5,5.45
18,61,"IISD Experimental Lake 373",1999-08-04,15,5.3
18,61,"IISD Experimental Lake 373",1999-08-04,15.5,5.15
18,61,"IISD Experimental Lake 373",1999-08-04,16,5
18,61,"IISD Experimental Lake 373",1999-08-04,16.5,4.95
18,61,"IISD Experimental Lake 373",1999-08-04,17,4.9
18,61,"IISD Experimental Lake 373",1999-08-04,17.5,4.85
18,61,"IISD Experimental Lake 373",1999-08-04,18,4.8
18,61,"IISD Experimental Lake 373",1999-08-04,18.5,4.8
18,61,"IISD Experimental Lake 373",1999-08-04,19,4.8
18,61,"IISD Experimental Lake 373",1999-08-04,19.5,4.75
18,61,"IISD Experimental Lake 373",1999-08-04,20,4.7
18,61,"IISD Experimental Lake 373",2000-07-25,0,21.6
18,61,"IISD Experimental Lake 373",2000-07-25,0.5,21.6
18,61,"IISD Experimental Lake 373",2000-07-25,1,21.6
18,61,"IISD Experimental Lake 373",2000-07-25,1.5,21.6
18,61,"IISD Experimental Lake 373",2000-07-25,2,21.6
18,61,"IISD Experimental Lake 373",2000-07-25,2.5,21.6
18,61,"IISD Experimental Lake 373",2000-07-25,3,21.6
18,61,"IISD Experimental Lake 373",2000-07-25,3.5,21.35
18,61,"IISD Experimental Lake 373",2000-07-25,4,21.1
18,61,"IISD Experimental Lake 373",2000-07-25,4.5,20.9
18,61,"IISD Experimental Lake 373",2000-07-25,5,20.4
18,61,"IISD Experimental Lake 373",2000-07-25,5.5,19.7
18,61,"IISD Experimental Lake 373",2000-07-25,6,17.3
18,61,"IISD Experimental Lake 373",2000-07-25,6.5,14.6
18,61,"IISD Experimental Lake 373",2000-07-25,7,13
18,61,"IISD Experimental Lake 373",2000-07-25,7.5,11.9
18,61,"IISD Experimental Lake 373",2000-07-25,8,10.5
18,61,"IISD Experimental Lake 373",2000-07-25,8.5,9.4
18,61,"IISD Experimental Lake 373",2000-07-25,9,8.5
18,61,"IISD Experimental Lake 373",2000-07-25,9.5,8.05
18,61,"IISD Experimental Lake 373",2000-07-25,10,7.6
18,61,"IISD Experimental Lake 373",2000-07-25,10.5,7.25
18,61,"IISD Experimental Lake 373",2000-07-25,11,6.9
18,61,"IISD Experimental Lake 373",2000-07-25,11.5,6.6
18,61,"IISD Experimental Lake 373",2000-07-25,12,6.3
18,61,"IISD Experimental Lake 373",2000-07-25,12.5,6.15
18,61,"IISD Experimental Lake 373",2000-07-25,13,6
18,61,"IISD Experimental Lake 373",2000-07-25,13.5,5.85
18,61,"IISD Experimental Lake 373",2000-07-25,14,5.7
18,61,"IISD Experimental Lake 373",2000-07-25,14.5,5.6
18,61,"IISD Experimental Lake 373",2000-07-25,15,5.5
18,61,"IISD Experimental Lake 373",2000-07-25,15.5,5.4
18,61,"IISD Experimental Lake 373",2000-07-25,16,5.3
18,61,"IISD Experimental Lake 373",2000-07-25,16.5,5.2
18,61,"IISD Experimental Lake 373",2000-07-25,17,5.1
18,61,"IISD Experimental Lake 373",2000-07-25,17.5,5.05
18,61,"IISD Experimental Lake 373",2000-07-25,18,5
18,61,"IISD Experimental Lake 373",2000-07-25,18.5,5
18,61,"IISD Experimental Lake 373",2000-07-25,19,5
18,61,"IISD Experimental Lake 373",2000-07-25,19.5,4.95
18,61,"IISD Experimental Lake 373",2000-07-25,20,4.9
18,61,"IISD Experimental Lake 373",2000-07-25,20.5,5
18,61,"IISD Experimental Lake 373",2001-08-08,0,25.3
18,61,"IISD Experimental Lake 373",2001-08-08,0.5,25.3
18,61,"IISD Experimental Lake 373",2001-08-08,1,25.3
18,61,"IISD Experimental Lake 373",2001-08-08,1.5,25.3
18,61,"IISD Experimental Lake 373",2001-08-08,2,25.3
18,61,"IISD Experimental Lake 373",2001-08-08,2.5,25.3
18,61,"IISD Experimental Lake 373",2001-08-08,3,25.3
18,61,"IISD Experimental Lake 373",2001-08-08,3.5,24.2
18,61,"IISD Experimental Lake 373",2001-08-08,4,23.7
18,61,"IISD Experimental Lake 373",2001-08-08,4.5,23.3
18,61,"IISD Experimental Lake 373",2001-08-08,5,22.1
18,61,"IISD Experimental Lake 373",2001-08-08,5.5,18.8
18,61,"IISD Experimental Lake 373",2001-08-08,6,16.6
18,61,"IISD Experimental Lake 373",2001-08-08,6.5,14.7
18,61,"IISD Experimental Lake 373",2001-08-08,7,12.5
18,61,"IISD Experimental Lake 373",2001-08-08,7.5,11.2
18,61,"IISD Experimental Lake 373",2001-08-08,8,9.7
18,61,"IISD Experimental Lake 373",2001-08-08,8.5,8.8
18,61,"IISD Experimental Lake 373",2001-08-08,9,8.2
18,61,"IISD Experimental Lake 373",2001-08-08,9.5,7.7
18,61,"IISD Experimental Lake 373",2001-08-08,10,6.9
18,61,"IISD Experimental Lake 373",2001-08-08,10.5,6.6
18,61,"IISD Experimental Lake 373",2001-08-08,11,6.3
18,61,"IISD Experimental Lake 373",2001-08-08,11.5,6.1
18,61,"IISD Experimental Lake 373",2001-08-08,12,5.9
18,61,"IISD Experimental Lake 373",2001-08-08,12.5,5.75
18,61,"IISD Experimental Lake 373",2001-08-08,13,5.6
18,61,"IISD Experimental Lake 373",2001-08-08,13.5,5.45
18,61,"IISD Experimental Lake 373",2001-08-08,14,5.3
18,61,"IISD Experimental Lake 373",2001-08-08,14.5,5.25
18,61,"IISD Experimental Lake 373",2001-08-08,15,5.2
18,61,"IISD Experimental Lake 373",2001-08-08,15.5,5.1
18,61,"IISD Experimental Lake 373",2001-08-08,16,5
18,61,"IISD Experimental Lake 373",2001-08-08,16.5,4.95
18,61,"IISD Experimental Lake 373",2001-08-08,17,4.9
18,61,"IISD Experimental Lake 373",2001-08-08,17.5,4.85
18,61,"IISD Experimental Lake 373",2001-08-08,18,4.8
18,61,"IISD Experimental Lake 373",2001-08-08,18.5,4.8
18,61,"IISD Experimental Lake 373",2001-08-08,19,4.8
18,61,"IISD Experimental Lake 373",2001-08-08,19.5,4.75
18,61,"IISD Experimental Lake 373",2001-08-08,20,4.7
18,61,"IISD Experimental Lake 373",2001-08-08,20.5,4.7
18,61,"IISD Experimental Lake 373",2002-07-31,0,23.2
18,61,"IISD Experimental Lake 373",2002-07-31,0.5,23.3
18,61,"IISD Experimental Lake 373",2002-07-31,1,23.4
18,61,"IISD Experimental Lake 373",2002-07-31,1.5,23.4
18,61,"IISD Experimental Lake 373",2002-07-31,2,23.4
18,61,"IISD Experimental Lake 373",2002-07-31,2.5,23.4
18,61,"IISD Experimental Lake 373",2002-07-31,3,23.4
18,61,"IISD Experimental Lake 373",2002-07-31,3.5,23.4
18,61,"IISD Experimental Lake 373",2002-07-31,4,23.4
18,61,"IISD Experimental Lake 373",2002-07-31,4.5,22.4
18,61,"IISD Experimental Lake 373",2002-07-31,5,19.7
18,61,"IISD Experimental Lake 373",2002-07-31,5.5,16.4
18,61,"IISD Experimental Lake 373",2002-07-31,6,13.8
18,61,"IISD Experimental Lake 373",2002-07-31,6.5,12.1
18,61,"IISD Experimental Lake 373",2002-07-31,7,10.8
18,61,"IISD Experimental Lake 373",2002-07-31,7.5,9.5
18,61,"IISD Experimental Lake 373",2002-07-31,8,8.4
18,61,"IISD Experimental Lake 373",2002-07-31,8.5,8.05
18,61,"IISD Experimental Lake 373",2002-07-31,9,7.7
18,61,"IISD Experimental Lake 373",2002-07-31,9.5,7.25
18,61,"IISD Experimental Lake 373",2002-07-31,10,6.8
18,61,"IISD Experimental Lake 373",2002-07-31,10.5,6.45
18,61,"IISD Experimental Lake 373",2002-07-31,11,6.1
18,61,"IISD Experimental Lake 373",2002-07-31,11.5,5.8
18,61,"IISD Experimental Lake 373",2002-07-31,12,5.5
18,61,"IISD Experimental Lake 373",2002-07-31,12.5,5.35
18,61,"IISD Experimental Lake 373",2002-07-31,13,5.2
18,61,"IISD Experimental Lake 373",2002-07-31,13.5,5.1
18,61,"IISD Experimental Lake 373",2002-07-31,14,5
18,61,"IISD Experimental Lake 373",2002-07-31,14.5,4.9
18,61,"IISD Experimental Lake 373",2002-07-31,15,4.8
18,61,"IISD Experimental Lake 373",2002-07-31,15.5,4.75
18,61,"IISD Experimental Lake 373",2002-07-31,16,4.7
18,61,"IISD Experimental Lake 373",2002-07-31,16.5,4.65
18,61,"IISD Experimental Lake 373",2002-07-31,17,4.6
18,61,"IISD Experimental Lake 373",2002-07-31,17.5,4.6
18,61,"IISD Experimental Lake 373",2002-07-31,18,4.6
18,61,"IISD Experimental Lake 373",2002-07-31,18.5,4.55
18,61,"IISD Experimental Lake 373",2002-07-31,19,4.5
18,61,"IISD Experimental Lake 373",2002-07-31,19.5,4.5
18,61,"IISD Experimental Lake 373",2002-07-31,20,4.5
18,61,"IISD Experimental Lake 373",2002-07-31,20.5,4.5
18,61,"IISD Experimental Lake 373",2003-08-07,0,22.7
18,61,"IISD Experimental Lake 373",2003-08-07,0.5,22.7
18,61,"IISD Experimental Lake 373",2003-08-07,1,22.7
18,61,"IISD Experimental Lake 373",2003-08-07,1.5,22.7
18,61,"IISD Experimental Lake 373",2003-08-07,2,22.7
18,61,"IISD Experimental Lake 373",2003-08-07,2.5,22.7
18,61,"IISD Experimental Lake 373",2003-08-07,3,22.7
18,61,"IISD Experimental Lake 373",2003-08-07,3.5,22.7
18,61,"IISD Experimental Lake 373",2003-08-07,4,22.7
18,61,"IISD Experimental Lake 373",2003-08-07,4.5,22.65
18,61,"IISD Experimental Lake 373",2003-08-07,5,22.6
18,61,"IISD Experimental Lake 373",2003-08-07,5.5,22
18,61,"IISD Experimental Lake 373",2003-08-07,6,21.1
18,61,"IISD Experimental Lake 373",2003-08-07,6.5,18.5
18,61,"IISD Experimental Lake 373",2003-08-07,7,15.4
18,61,"IISD Experimental Lake 373",2003-08-07,7.5,13.8
18,61,"IISD Experimental Lake 373",2003-08-07,8,11.8
18,61,"IISD Experimental Lake 373",2003-08-07,8.5,10.7
18,61,"IISD Experimental Lake 373",2003-08-07,9,9.8
18,61,"IISD Experimental Lake 373",2003-08-07,9.5,8.8
18,61,"IISD Experimental Lake 373",2003-08-07,10,8.1
18,61,"IISD Experimental Lake 373",2003-08-07,10.5,7.7
18,61,"IISD Experimental Lake 373",2003-08-07,11,7.3
18,61,"IISD Experimental Lake 373",2003-08-07,11.5,6.9
18,61,"IISD Experimental Lake 373",2003-08-07,12,6.5
18,61,"IISD Experimental Lake 373",2003-08-07,12.5,6.2
18,61,"IISD Experimental Lake 373",2003-08-07,13,5.9
18,61,"IISD Experimental Lake 373",2003-08-07,13.5,5.7
18,61,"IISD Experimental Lake 373",2003-08-07,14,5.5
18,61,"IISD Experimental Lake 373",2003-08-07,14.5,5.3
18,61,"IISD Experimental Lake 373",2003-08-07,15,5.1
18,61,"IISD Experimental Lake 373",2003-08-07,15.5,5
18,61,"IISD Experimental Lake 373",2003-08-07,16,4.9
18,61,"IISD Experimental Lake 373",2003-08-07,16.5,4.85
18,61,"IISD Experimental Lake 373",2003-08-07,17,4.8
18,61,"IISD Experimental Lake 373",2003-08-07,17.5,4.7
18,61,"IISD Experimental Lake 373",2003-08-07,18,4.6
18,61,"IISD Experimental Lake 373",2003-08-07,18.5,4.6
18,61,"IISD Experimental Lake 373",2003-08-07,19,4.6
18,61,"IISD Experimental Lake 373",2003-08-07,19.5,4.55
18,61,"IISD Experimental Lake 373",2003-08-07,20,4.5
18,61,"IISD Experimental Lake 373",2003-08-07,20.5,4.5
18,61,"IISD Experimental Lake 373",2004-07-28,0,21.3
18,61,"IISD Experimental Lake 373",2004-07-28,0.5,21.4
18,61,"IISD Experimental Lake 373",2004-07-28,1,21.3
18,61,"IISD Experimental Lake 373",2004-07-28,1.5,21.3
18,61,"IISD Experimental Lake 373",2004-07-28,2,21.3
18,61,"IISD Experimental Lake 373",2004-07-28,2.5,21.3
18,61,"IISD Experimental Lake 373",2004-07-28,3,21.3
18,61,"IISD Experimental Lake 373",2004-07-28,3.5,21.3
18,61,"IISD Experimental Lake 373",2004-07-28,4,21.3
18,61,"IISD Experimental Lake 373",2004-07-28,4.5,21.3
18,61,"IISD Experimental Lake 373",2004-07-28,5,20
18,61,"IISD Experimental Lake 373",2004-07-28,5.5,16.2
18,61,"IISD Experimental Lake 373",2004-07-28,6,14
18,61,"IISD Experimental Lake 373",2004-07-28,6.5,12
18,61,"IISD Experimental Lake 373",2004-07-28,7,10
18,61,"IISD Experimental Lake 373",2004-07-28,7.5,8.9
18,61,"IISD Experimental Lake 373",2004-07-28,8,8.1
18,61,"IISD Experimental Lake 373",2004-07-28,8.5,7.7
18,61,"IISD Experimental Lake 373",2004-07-28,9,7.3
18,61,"IISD Experimental Lake 373",2004-07-28,9.5,6.95
18,61,"IISD Experimental Lake 373",2004-07-28,10,6.6
18,61,"IISD Experimental Lake 373",2004-07-28,10.5,6.35
18,61,"IISD Experimental Lake 373",2004-07-28,11,6.1
18,61,"IISD Experimental Lake 373",2004-07-28,11.5,5.95
18,61,"IISD Experimental Lake 373",2004-07-28,12,5.8
18,61,"IISD Experimental Lake 373",2004-07-28,12.5,5.65
18,61,"IISD Experimental Lake 373",2004-07-28,13,5.5
18,61,"IISD Experimental Lake 373",2004-07-28,13.5,5.45
18,61,"IISD Experimental Lake 373",2004-07-28,14,5.4
18,61,"IISD Experimental Lake 373",2004-07-28,14.5,5.35
18,61,"IISD Experimental Lake 373",2004-07-28,15,5.3
18,61,"IISD Experimental Lake 373",2004-07-28,15.5,5.25
18,61,"IISD Experimental Lake 373",2004-07-28,16,5.2
18,61,"IISD Experimental Lake 373",2004-07-28,16.5,5.15
18,61,"IISD Experimental Lake 373",2004-07-28,17,5.1
18,61,"IISD Experimental Lake 373",2004-07-28,17.5,5.05
18,61,"IISD Experimental Lake 373",2004-07-28,18,5
18,61,"IISD Experimental Lake 373",2004-07-28,18.5,5
18,61,"IISD Experimental Lake 373",2004-07-28,19,5
18,61,"IISD Experimental Lake 373",2004-07-28,19.5,4.95
18,61,"IISD Experimental Lake 373",2004-07-28,20,4.9
18,61,"IISD Experimental Lake 373",2004-07-28,20.5,4.9
18,61,"IISD Experimental Lake 373",2005-07-27,0,21.3
18,61,"IISD Experimental Lake 373",2005-07-27,0.5,21.3
18,61,"IISD Experimental Lake 373",2005-07-27,1,21.3
18,61,"IISD Experimental Lake 373",2005-07-27,1.5,21.3
18,61,"IISD Experimental Lake 373",2005-07-27,2,21.3
18,61,"IISD Experimental Lake 373",2005-07-27,2.5,21.3
18,61,"IISD Experimental Lake 373",2005-07-27,3,21.3
18,61,"IISD Experimental Lake 373",2005-07-27,3.5,21.3
18,61,"IISD Experimental Lake 373",2005-07-27,4,21.3
18,61,"IISD Experimental Lake 373",2005-07-27,4.5,21.25
18,61,"IISD Experimental Lake 373",2005-07-27,5,21.2
18,61,"IISD Experimental Lake 373",2005-07-27,5.5,18.5
18,61,"IISD Experimental Lake 373",2005-07-27,6,15.6
18,61,"IISD Experimental Lake 373",2005-07-27,6.5,13.4
18,61,"IISD Experimental Lake 373",2005-07-27,7,11.9
18,61,"IISD Experimental Lake 373",2005-07-27,7.5,11
18,61,"IISD Experimental Lake 373",2005-07-27,8,10.1
18,61,"IISD Experimental Lake 373",2005-07-27,8.5,9.1
18,61,"IISD Experimental Lake 373",2005-07-27,9,8.5
18,61,"IISD Experimental Lake 373",2005-07-27,9.5,7.8
18,61,"IISD Experimental Lake 373",2005-07-27,10,7.4
18,61,"IISD Experimental Lake 373",2005-07-27,10.5,7.1
18,61,"IISD Experimental Lake 373",2005-07-27,11,6.8
18,61,"IISD Experimental Lake 373",2005-07-27,11.5,6.6
18,61,"IISD Experimental Lake 373",2005-07-27,12,6.4
18,61,"IISD Experimental Lake 373",2005-07-27,12.5,6.25
18,61,"IISD Experimental Lake 373",2005-07-27,13,6.1
18,61,"IISD Experimental Lake 373",2005-07-27,13.5,5.95
18,61,"IISD Experimental Lake 373",2005-07-27,14,5.8
18,61,"IISD Experimental Lake 373",2005-07-27,14.5,5.7
18,61,"IISD Experimental Lake 373",2005-07-27,15,5.6
18,61,"IISD Experimental Lake 373",2005-07-27,15.5,5.5
18,61,"IISD Experimental Lake 373",2005-07-27,16,5.4
18,61,"IISD Experimental Lake 373",2005-07-27,16.5,5.35
18,61,"IISD Experimental Lake 373",2005-07-27,17,5.3
18,61,"IISD Experimental Lake 373",2005-07-27,17.5,5.25
18,61,"IISD Experimental Lake 373",2005-07-27,18,5.2
18,61,"IISD Experimental Lake 373",2005-07-27,18.5,5.15
18,61,"IISD Experimental Lake 373",2005-07-27,19,5.1
18,61,"IISD Experimental Lake 373",2005-07-27,19.5,5.05
18,61,"IISD Experimental Lake 373",2005-07-27,20,5
18,61,"IISD Experimental Lake 373",2005-07-27,20.5,5
18,61,"IISD Experimental Lake 373",2006-07-26,0,22.7
18,61,"IISD Experimental Lake 373",2006-07-26,0.5,22.8
18,61,"IISD Experimental Lake 373",2006-07-26,1,22.9
18,61,"IISD Experimental Lake 373",2006-07-26,1.5,22.95
18,61,"IISD Experimental Lake 373",2006-07-26,2,23
18,61,"IISD Experimental Lake 373",2006-07-26,2.5,23
18,61,"IISD Experimental Lake 373",2006-07-26,3,23
18,61,"IISD Experimental Lake 373",2006-07-26,3.5,22.95
18,61,"IISD Experimental Lake 373",2006-07-26,4,22.9
18,61,"IISD Experimental Lake 373",2006-07-26,4.5,22.75
18,61,"IISD Experimental Lake 373",2006-07-26,5,22.6
18,61,"IISD Experimental Lake 373",2006-07-26,5.5,22.3
18,61,"IISD Experimental Lake 373",2006-07-26,6,20.7
18,61,"IISD Experimental Lake 373",2006-07-26,6.5,17.5
18,61,"IISD Experimental Lake 373",2006-07-26,7,14.8
18,61,"IISD Experimental Lake 373",2006-07-26,7.5,13.1
18,61,"IISD Experimental Lake 373",2006-07-26,8,11.8
18,61,"IISD Experimental Lake 373",2006-07-26,8.5,10.7
18,61,"IISD Experimental Lake 373",2006-07-26,9,9.5
18,61,"IISD Experimental Lake 373",2006-07-26,9.5,8.3
18,61,"IISD Experimental Lake 373",2006-07-26,10,7.5
18,61,"IISD Experimental Lake 373",2006-07-26,10.5,6.6
18,61,"IISD Experimental Lake 373",2006-07-26,11,6.2
18,61,"IISD Experimental Lake 373",2006-07-26,11.5,5.95
18,61,"IISD Experimental Lake 373",2006-07-26,12,5.7
18,61,"IISD Experimental Lake 373",2006-07-26,12.5,5.55
18,61,"IISD Experimental Lake 373",2006-07-26,13,5.4
18,61,"IISD Experimental Lake 373",2006-07-26,13.5,5.2
18,61,"IISD Experimental Lake 373",2006-07-26,14,5
18,61,"IISD Experimental Lake 373",2006-07-26,14.5,4.9
18,61,"IISD Experimental Lake 373",2006-07-26,15,4.8
18,61,"IISD Experimental Lake 373",2006-07-26,15.5,4.7
18,61,"IISD Experimental Lake 373",2006-07-26,16,4.6
18,61,"IISD Experimental Lake 373",2006-07-26,16.5,4.55
18,61,"IISD Experimental Lake 373",2006-07-26,17,4.5
18,61,"IISD Experimental Lake 373",2006-07-26,17.5,4.5
18,61,"IISD Experimental Lake 373",2006-07-26,18,4.5
18,61,"IISD Experimental Lake 373",2006-07-26,18.5,4.45
18,61,"IISD Experimental Lake 373",2006-07-26,19,4.4
18,61,"IISD Experimental Lake 373",2006-07-26,19.5,4.4
18,61,"IISD Experimental Lake 373",2006-07-26,20,4.4
18,61,"IISD Experimental Lake 373",2007-08-08,0,22
18,61,"IISD Experimental Lake 373",2007-08-08,0.5,22
18,61,"IISD Experimental Lake 373",2007-08-08,1,22
18,61,"IISD Experimental Lake 373",2007-08-08,1.5,22
18,61,"IISD Experimental Lake 373",2007-08-08,2,22
18,61,"IISD Experimental Lake 373",2007-08-08,2.5,22
18,61,"IISD Experimental Lake 373",2007-08-08,3,22
18,61,"IISD Experimental Lake 373",2007-08-08,3.5,22
18,61,"IISD Experimental Lake 373",2007-08-08,4,22
18,61,"IISD Experimental Lake 373",2007-08-08,4.5,21.9
18,61,"IISD Experimental Lake 373",2007-08-08,5,21.8
18,61,"IISD Experimental Lake 373",2007-08-08,5.5,21.8
18,61,"IISD Experimental Lake 373",2007-08-08,6,18.7
18,61,"IISD Experimental Lake 373",2007-08-08,6.5,16.6
18,61,"IISD Experimental Lake 373",2007-08-08,7,14.5
18,61,"IISD Experimental Lake 373",2007-08-08,7.5,13
18,61,"IISD Experimental Lake 373",2007-08-08,8,11.1
18,61,"IISD Experimental Lake 373",2007-08-08,8.5,9.6
18,61,"IISD Experimental Lake 373",2007-08-08,9,8.5
18,61,"IISD Experimental Lake 373",2007-08-08,9.5,7.8
18,61,"IISD Experimental Lake 373",2007-08-08,10,7.1
18,61,"IISD Experimental Lake 373",2007-08-08,10.5,6.65
18,61,"IISD Experimental Lake 373",2007-08-08,11,6.2
18,61,"IISD Experimental Lake 373",2007-08-08,11.5,5.85
18,61,"IISD Experimental Lake 373",2007-08-08,12,5.5
18,61,"IISD Experimental Lake 373",2007-08-08,12.5,5.3
18,61,"IISD Experimental Lake 373",2007-08-08,13,5.1
18,61,"IISD Experimental Lake 373",2007-08-08,13.5,4.95
18,61,"IISD Experimental Lake 373",2007-08-08,14,4.8
18,61,"IISD Experimental Lake 373",2007-08-08,14.5,4.65
18,61,"IISD Experimental Lake 373",2007-08-08,15,4.5
18,61,"IISD Experimental Lake 373",2007-08-08,15.5,4.45
18,61,"IISD Experimental Lake 373",2007-08-08,16,4.4
18,61,"IISD Experimental Lake 373",2007-08-08,16.5,4.35
18,61,"IISD Experimental Lake 373",2007-08-08,17,4.3
18,61,"IISD Experimental Lake 373",2007-08-08,17.5,4.25
18,61,"IISD Experimental Lake 373",2007-08-08,18,4.2
18,61,"IISD Experimental Lake 373",2007-08-08,18.5,4.2
18,61,"IISD Experimental Lake 373",2007-08-08,19,4.2
18,61,"IISD Experimental Lake 373",2007-08-08,19.5,4.15
18,61,"IISD Experimental Lake 373",2007-08-08,20,4.1
18,61,"IISD Experimental Lake 373",2007-08-08,20.5,4.1
18,61,"IISD Experimental Lake 373",2008-07-29,0,21.7
18,61,"IISD Experimental Lake 373",2008-07-29,0.5,21.7
18,61,"IISD Experimental Lake 373",2008-07-29,1,21.7
18,61,"IISD Experimental Lake 373",2008-07-29,1.5,21.7
18,61,"IISD Experimental Lake 373",2008-07-29,2,21.7
18,61,"IISD Experimental Lake 373",2008-07-29,2.5,21.7
18,61,"IISD Experimental Lake 373",2008-07-29,3,21.7
18,61,"IISD Experimental Lake 373",2008-07-29,3.5,21.35
18,61,"IISD Experimental Lake 373",2008-07-29,4,21
18,61,"IISD Experimental Lake 373",2008-07-29,4.5,20.8
18,61,"IISD Experimental Lake 373",2008-07-29,5,20.6
18,61,"IISD Experimental Lake 373",2008-07-29,5.5,19
18,61,"IISD Experimental Lake 373",2008-07-29,6,18.3
18,61,"IISD Experimental Lake 373",2008-07-29,6.5,17.8
18,61,"IISD Experimental Lake 373",2008-07-29,7,14.4
18,61,"IISD Experimental Lake 373",2008-07-29,7.5,12.3
18,61,"IISD Experimental Lake 373",2008-07-29,8,11
18,61,"IISD Experimental Lake 373",2008-07-29,8.5,9.5
18,61,"IISD Experimental Lake 373",2008-07-29,9,8
18,61,"IISD Experimental Lake 373",2008-07-29,9.5,7.1
18,61,"IISD Experimental Lake 373",2008-07-29,10,6.5
18,61,"IISD Experimental Lake 373",2008-07-29,10.5,6.1
18,61,"IISD Experimental Lake 373",2008-07-29,11,5.7
18,61,"IISD Experimental Lake 373",2008-07-29,11.5,5.45
18,61,"IISD Experimental Lake 373",2008-07-29,12,5.2
18,61,"IISD Experimental Lake 373",2008-07-29,12.5,5
18,61,"IISD Experimental Lake 373",2008-07-29,13,4.8
18,61,"IISD Experimental Lake 373",2008-07-29,13.5,4.65
18,61,"IISD Experimental Lake 373",2008-07-29,14,4.5
18,61,"IISD Experimental Lake 373",2008-07-29,14.5,4.45
18,61,"IISD Experimental Lake 373",2008-07-29,15,4.4
18,61,"IISD Experimental Lake 373",2008-07-29,15.5,4.35
18,61,"IISD Experimental Lake 373",2008-07-29,16,4.3
18,61,"IISD Experimental Lake 373",2008-07-29,16.5,4.3
18,61,"IISD Experimental Lake 373",2008-07-29,17,4.3
18,61,"IISD Experimental Lake 373",2008-07-29,17.5,4.25
18,61,"IISD Experimental Lake 373",2008-07-29,18,4.2
18,61,"IISD Experimental Lake 373",2008-07-29,18.5,4.2
18,61,"IISD Experimental Lake 373",2008-07-29,19,4.2
18,61,"IISD Experimental Lake 373",2008-07-29,19.5,4.2
18,61,"IISD Experimental Lake 373",2008-07-29,20,4.2
18,61,"IISD Experimental Lake 373",2009-08-04,0,18.3
18,61,"IISD Experimental Lake 373",2009-08-04,0.5,18.3
18,61,"IISD Experimental Lake 373",2009-08-04,1,18.3
18,61,"IISD Experimental Lake 373",2009-08-04,1.5,18.3
18,61,"IISD Experimental Lake 373",2009-08-04,2,18.3
18,61,"IISD Experimental Lake 373",2009-08-04,2.5,18.25
18,61,"IISD Experimental Lake 373",2009-08-04,3,18.2
18,61,"IISD Experimental Lake 373",2009-08-04,3.5,18.2
18,61,"IISD Experimental Lake 373",2009-08-04,4,18.2
18,61,"IISD Experimental Lake 373",2009-08-04,4.5,18.15
18,61,"IISD Experimental Lake 373",2009-08-04,5,18.1
18,61,"IISD Experimental Lake 373",2009-08-04,5.5,17.5
18,61,"IISD Experimental Lake 373",2009-08-04,6,16.2
18,61,"IISD Experimental Lake 373",2009-08-04,6.5,14.1
18,61,"IISD Experimental Lake 373",2009-08-04,7,12.2
18,61,"IISD Experimental Lake 373",2009-08-04,7.5,10.8
18,61,"IISD Experimental Lake 373",2009-08-04,8,9.4
18,61,"IISD Experimental Lake 373",2009-08-04,8.5,8.6
18,61,"IISD Experimental Lake 373",2009-08-04,9,7.9
18,61,"IISD Experimental Lake 373",2009-08-04,9.5,7.4
18,61,"IISD Experimental Lake 373",2009-08-04,10,7
18,61,"IISD Experimental Lake 373",2009-08-04,10.5,6.75
18,61,"IISD Experimental Lake 373",2009-08-04,11,6.5
18,61,"IISD Experimental Lake 373",2009-08-04,11.5,6.15
18,61,"IISD Experimental Lake 373",2009-08-04,12,5.8
18,61,"IISD Experimental Lake 373",2009-08-04,12.5,5.6
18,61,"IISD Experimental Lake 373",2009-08-04,13,5.4
18,61,"IISD Experimental Lake 373",2009-08-04,13.5,5.25
18,61,"IISD Experimental Lake 373",2009-08-04,14,5.1
18,61,"IISD Experimental Lake 373",2009-08-04,14.5,4.95
18,61,"IISD Experimental Lake 373",2009-08-04,15,4.8
18,61,"IISD Experimental Lake 373",2009-08-04,15.5,4.7
18,61,"IISD Experimental Lake 373",2009-08-04,16,4.6
18,61,"IISD Experimental Lake 373",2009-08-04,16.5,4.55
18,61,"IISD Experimental Lake 373",2009-08-04,17,4.5
18,61,"IISD Experimental Lake 373",2009-08-04,17.5,4.45
18,61,"IISD Experimental Lake 373",2009-08-04,18,4.4
18,61,"IISD Experimental Lake 373",2009-08-04,18.5,4.4
18,61,"IISD Experimental Lake 373",2009-08-04,19,4.4
18,61,"IISD Experimental Lake 373",2009-08-04,19.5,4.4
18,61,"IISD Experimental Lake 373",2009-08-04,20,4.4
18,61,"IISD Experimental Lake 373",2009-08-04,20.5,4.4
18,61,"IISD Experimental Lake 373",2010-08-03,0,23.08
18,61,"IISD Experimental Lake 373",2010-08-03,0.5,23.08
18,61,"IISD Experimental Lake 373",2010-08-03,1,23.08
18,61,"IISD Experimental Lake 373",2010-08-03,1.5,23
18,61,"IISD Experimental Lake 373",2010-08-03,2,22.92
18,61,"IISD Experimental Lake 373",2010-08-03,2.5,22.78
18,61,"IISD Experimental Lake 373",2010-08-03,3,22.64
18,61,"IISD Experimental Lake 373",2010-08-03,3.5,22.59
18,61,"IISD Experimental Lake 373",2010-08-03,4,22.54
18,61,"IISD Experimental Lake 373",2010-08-03,4.5,22.21
18,61,"IISD Experimental Lake 373",2010-08-03,5,21.88
18,61,"IISD Experimental Lake 373",2010-08-03,5.5,19.3
18,61,"IISD Experimental Lake 373",2010-08-03,6,16.07
18,61,"IISD Experimental Lake 373",2010-08-03,6.5,14.4
18,61,"IISD Experimental Lake 373",2010-08-03,7,12.98
18,61,"IISD Experimental Lake 373",2010-08-03,7.5,10.84
18,61,"IISD Experimental Lake 373",2010-08-03,8,9.44
18,61,"IISD Experimental Lake 373",2010-08-03,8.5,8.71
18,61,"IISD Experimental Lake 373",2010-08-03,9,7.77
18,61,"IISD Experimental Lake 373",2010-08-03,9.5,7.38
18,61,"IISD Experimental Lake 373",2010-08-03,10,6.99
18,61,"IISD Experimental Lake 373",2010-08-03,10.5,6.75
18,61,"IISD Experimental Lake 373",2010-08-03,11,6.51
18,61,"IISD Experimental Lake 373",2010-08-03,11.5,6.345
18,61,"IISD Experimental Lake 373",2010-08-03,12,6.18
18,61,"IISD Experimental Lake 373",2010-08-03,12.5,6.09
18,61,"IISD Experimental Lake 373",2010-08-03,13,6
18,61,"IISD Experimental Lake 373",2010-08-03,13.5,5.93
18,61,"IISD Experimental Lake 373",2010-08-03,14,5.86
18,61,"IISD Experimental Lake 373",2010-08-03,14.5,5.745
18,61,"IISD Experimental Lake 373",2010-08-03,15,5.63
18,61,"IISD Experimental Lake 373",2010-08-03,15.5,5.57
18,61,"IISD Experimental Lake 373",2010-08-03,16,5.51
18,61,"IISD Experimental Lake 373",2010-08-03,16.5,5.475
18,61,"IISD Experimental Lake 373",2010-08-03,17,5.44
18,61,"IISD Experimental Lake 373",2010-08-03,17.5,5.42
18,61,"IISD Experimental Lake 373",2010-08-03,18,5.4
18,61,"IISD Experimental Lake 373",2010-08-03,18.5,5.355
18,61,"IISD Experimental Lake 373",2010-08-03,19,5.31
18,61,"IISD Experimental Lake 373",2010-08-03,19.5,5.28
18,61,"IISD Experimental Lake 373",2010-08-03,20,5.25
18,61,"IISD Experimental Lake 373",2011-08-02,0,23.45
18,61,"IISD Experimental Lake 373",2011-08-02,0.5,23.46
18,61,"IISD Experimental Lake 373",2011-08-02,1,23.42
18,61,"IISD Experimental Lake 373",2011-08-02,1.5,23.3
18,61,"IISD Experimental Lake 373",2011-08-02,2,23.18
18,61,"IISD Experimental Lake 373",2011-08-02,2.5,22.85
18,61,"IISD Experimental Lake 373",2011-08-02,3,22.52
18,61,"IISD Experimental Lake 373",2011-08-02,3.5,22.44
18,61,"IISD Experimental Lake 373",2011-08-02,4,22.36
18,61,"IISD Experimental Lake 373",2011-08-02,4.5,22.185
18,61,"IISD Experimental Lake 373",2011-08-02,5,22.01
18,61,"IISD Experimental Lake 373",2011-08-02,5.5,20.44
18,61,"IISD Experimental Lake 373",2011-08-02,6,15.37
18,61,"IISD Experimental Lake 373",2011-08-02,6.5,12.42
18,61,"IISD Experimental Lake 373",2011-08-02,7,10.88
18,61,"IISD Experimental Lake 373",2011-08-02,7.5,10.15
18,61,"IISD Experimental Lake 373",2011-08-02,8,9.22
18,61,"IISD Experimental Lake 373",2011-08-02,8.5,8.29
18,61,"IISD Experimental Lake 373",2011-08-02,9,7.64
18,61,"IISD Experimental Lake 373",2011-08-02,9.5,7.225
18,61,"IISD Experimental Lake 373",2011-08-02,10,6.81
18,61,"IISD Experimental Lake 373",2011-08-02,10.5,6.515
18,61,"IISD Experimental Lake 373",2011-08-02,11,6.22
18,61,"IISD Experimental Lake 373",2011-08-02,11.5,5.92
18,61,"IISD Experimental Lake 373",2011-08-02,12,5.62
18,61,"IISD Experimental Lake 373",2011-08-02,12.5,5.465
18,61,"IISD Experimental Lake 373",2011-08-02,13,5.31
18,61,"IISD Experimental Lake 373",2011-08-02,13.5,5.19
18,61,"IISD Experimental Lake 373",2011-08-02,14,5.07
18,61,"IISD Experimental Lake 373",2011-08-02,14.5,5.015
18,61,"IISD Experimental Lake 373",2011-08-02,15,4.96
18,61,"IISD Experimental Lake 373",2011-08-02,15.5,4.89
18,61,"IISD Experimental Lake 373",2011-08-02,16,4.82
18,61,"IISD Experimental Lake 373",2011-08-02,16.5,4.78
18,61,"IISD Experimental Lake 373",2011-08-02,17,4.74
18,61,"IISD Experimental Lake 373",2011-08-02,17.5,4.705
18,61,"IISD Experimental Lake 373",2011-08-02,18,4.67
18,61,"IISD Experimental Lake 373",2011-08-02,18.5,4.67
18,61,"IISD Experimental Lake 373",2011-08-02,19,4.67
18,61,"IISD Experimental Lake 373",2011-08-02,19.5,4.645
18,61,"IISD Experimental Lake 373",2011-08-02,20,4.62
18,61,"IISD Experimental Lake 373",2012-08-07,0,22.85
18,61,"IISD Experimental Lake 373",2012-08-07,0.5,22.86
18,61,"IISD Experimental Lake 373",2012-08-07,1,22.85
18,61,"IISD Experimental Lake 373",2012-08-07,1.5,22.85
18,61,"IISD Experimental Lake 373",2012-08-07,2,22.85
18,61,"IISD Experimental Lake 373",2012-08-07,2.5,22.845
18,61,"IISD Experimental Lake 373",2012-08-07,3,22.84
18,61,"IISD Experimental Lake 373",2012-08-07,3.5,22.835
18,61,"IISD Experimental Lake 373",2012-08-07,4,22.83
18,61,"IISD Experimental Lake 373",2012-08-07,4.5,22.78
18,61,"IISD Experimental Lake 373",2012-08-07,5,22.73
18,61,"IISD Experimental Lake 373",2012-08-07,5.5,22.47
18,61,"IISD Experimental Lake 373",2012-08-07,6,22.44
18,61,"IISD Experimental Lake 373",2012-08-07,6.5,19.27
18,61,"IISD Experimental Lake 373",2012-08-07,7,15.54
18,61,"IISD Experimental Lake 373",2012-08-07,7.5,12.79
18,61,"IISD Experimental Lake 373",2012-08-07,8,11.03
18,61,"IISD Experimental Lake 373",2012-08-07,8.5,9.92
18,61,"IISD Experimental Lake 373",2012-08-07,9,8.91
18,61,"IISD Experimental Lake 373",2012-08-07,9.5,8.31
18,61,"IISD Experimental Lake 373",2012-08-07,10,7.84
18,61,"IISD Experimental Lake 373",2012-08-07,10.5,7.365
18,61,"IISD Experimental Lake 373",2012-08-07,11,6.89
18,61,"IISD Experimental Lake 373",2012-08-07,11.5,6.515
18,61,"IISD Experimental Lake 373",2012-08-07,12,6.14
18,61,"IISD Experimental Lake 373",2012-08-07,12.5,6.005
18,61,"IISD Experimental Lake 373",2012-08-07,13,5.87
18,61,"IISD Experimental Lake 373",2012-08-07,13.5,5.765
18,61,"IISD Experimental Lake 373",2012-08-07,14,5.66
18,61,"IISD Experimental Lake 373",2012-08-07,14.5,5.56
18,61,"IISD Experimental Lake 373",2012-08-07,15,5.46
18,61,"IISD Experimental Lake 373",2012-08-07,15.5,5.41
18,61,"IISD Experimental Lake 373",2012-08-07,16,5.36
18,61,"IISD Experimental Lake 373",2012-08-07,16.5,5.32
18,61,"IISD Experimental Lake 373",2012-08-07,17,5.28
18,61,"IISD Experimental Lake 373",2012-08-07,17.5,5.245
18,61,"IISD Experimental Lake 373",2012-08-07,18,5.21
18,61,"IISD Experimental Lake 373",2012-08-07,18.5,5.17
18,61,"IISD Experimental Lake 373",2012-08-07,19,5.13
18,61,"IISD Experimental Lake 373",2012-08-07,19.5,5.105
18,61,"IISD Experimental Lake 373",2012-08-07,20,5.08
18,61,"IISD Experimental Lake 373",2013-07-23,0,21.25
18,61,"IISD Experimental Lake 373",2013-07-23,0.5,21.34
18,61,"IISD Experimental Lake 373",2013-07-23,1,21.29
18,61,"IISD Experimental Lake 373",2013-07-23,1.5,21.245
18,61,"IISD Experimental Lake 373",2013-07-23,2,21.2
18,61,"IISD Experimental Lake 373",2013-07-23,2.5,21.185
18,61,"IISD Experimental Lake 373",2013-07-23,3,21.17
18,61,"IISD Experimental Lake 373",2013-07-23,3.5,21.15
18,61,"IISD Experimental Lake 373",2013-07-23,4,21.13
18,61,"IISD Experimental Lake 373",2013-07-23,4.5,20.32
18,61,"IISD Experimental Lake 373",2013-07-23,5,18.51
18,61,"IISD Experimental Lake 373",2013-07-23,5.5,14.71
18,61,"IISD Experimental Lake 373",2013-07-23,6,13.12
18,61,"IISD Experimental Lake 373",2013-07-23,6.5,11.84
18,61,"IISD Experimental Lake 373",2013-07-23,7,10.85
18,61,"IISD Experimental Lake 373",2013-07-23,7.5,9.95
18,61,"IISD Experimental Lake 373",2013-07-23,8,9.34
18,61,"IISD Experimental Lake 373",2013-07-23,8.5,8.845
18,61,"IISD Experimental Lake 373",2013-07-23,9,8.35
18,61,"IISD Experimental Lake 373",2013-07-23,9.5,7.97
18,61,"IISD Experimental Lake 373",2013-07-23,10,7.59
18,61,"IISD Experimental Lake 373",2013-07-23,10.5,7.255
18,61,"IISD Experimental Lake 373",2013-07-23,11,6.92
18,61,"IISD Experimental Lake 373",2013-07-23,11.5,6.64
18,61,"IISD Experimental Lake 373",2013-07-23,12,6.36
18,61,"IISD Experimental Lake 373",2013-07-23,12.5,6.185
18,61,"IISD Experimental Lake 373",2013-07-23,13,6.01
18,61,"IISD Experimental Lake 373",2013-07-23,13.5,5.805
18,61,"IISD Experimental Lake 373",2013-07-23,14,5.6
18,61,"IISD Experimental Lake 373",2013-07-23,14.5,5.495
18,61,"IISD Experimental Lake 373",2013-07-23,15,5.39
18,61,"IISD Experimental Lake 373",2013-07-23,15.5,5.295
18,61,"IISD Experimental Lake 373",2013-07-23,16,5.2
18,61,"IISD Experimental Lake 373",2013-07-23,16.5,5.14
18,61,"IISD Experimental Lake 373",2013-07-23,17,5.08
18,61,"IISD Experimental Lake 373",2013-07-23,17.5,5.02
18,61,"IISD Experimental Lake 373",2013-07-23,18,4.96
18,61,"IISD Experimental Lake 373",2013-07-23,18.5,4.93
18,61,"IISD Experimental Lake 373",2013-07-23,19,4.9
18,61,"IISD Experimental Lake 373",2013-07-23,19.5,4.88
18,61,"IISD Experimental Lake 373",2013-07-23,20,4.86
18,61,"IISD Experimental Lake 373",2013-07-23,20.5,4.85
